"poradi","poskytovatel","druh_podpory_kod","druh_podpory_popis","rok","stav_podpory","vyse_podpory"
"1","AV0","CAV","Podpora činnosti pracovišť AV ČR","2011","CER-1","707469000.00"
"2","AV0","CAV","Podpora činnosti pracovišť AV ČR","2012","PRI","987632000.00"
"3","AV0","CAV","Podpora činnosti pracovišť AV ČR","2012","CER-1","996506000.00"
"4","AV0","CAV","Podpora činnosti pracovišť AV ČR","2013","PRI","0.00"
"5","AV0","CAV","Podpora činnosti pracovišť AV ČR","2013","CER-1","0.00"
"6","AV0","CAV","Podpora činnosti pracovišť AV ČR","2014","PRI","0.00"
"7","AV0","CIN","Náklady spojené s činností poskytovatele","2010","CER-1","743648000.00"
"8","AV0","CIN","Náklady spojené s činností poskytovatele","2011","CER-1","733509000.00"
"9","AV0","CIN","Náklady spojené s činností poskytovatele","2012","PRI","779852000.00"
"10","AV0","CIN","Náklady spojené s činností poskytovatele","2012","CER-1","771065000.00"
"11","AV0","CIN","Náklady spojené s činností poskytovatele","2013","PRI","1130129000.00"
"12","AV0","CIN","Náklady spojené s činností poskytovatele","2013","CER-1","1136661000.00"
"13","AV0","CIN","Náklady spojené s činností poskytovatele","2014","PRI","1449462000.00"
"14","AV0","CIN","Náklady spojené s činností poskytovatele","2014","CER-1","1449463000.00"
"15","AV0","CIN","Náklady spojené s činností poskytovatele","2015","PRI","1451425000.00"
"16","AV0","CIN","Náklady spojené s činností poskytovatele","2015","CER-1","1523414000.00"
"17","AV0","CIN","Náklady spojené s činností poskytovatele","2016","PRI","1427737000.00"
"18","AV0","OMV","Věcné nebo finanční ocenění mimořádných výsledků","2010","CER-1","680000.00"
"19","AV0","OMV","Věcné nebo finanční ocenění mimořádných výsledků","2011","CER-1","2400000.00"
"20","AV0","OMV","Věcné nebo finanční ocenění mimořádných výsledků","2012","PRI","596000.00"
"21","AV0","OMV","Věcné nebo finanční ocenění mimořádných výsledků","2012","CER-1","596000.00"
"22","AV0","OMV","Věcné nebo finanční ocenění mimořádných výsledků","2013","PRI","596000.00"
"23","AV0","OMV","Věcné nebo finanční ocenění mimořádných výsledků","2013","CER-1","596000.00"
"24","AV0","OMV","Věcné nebo finanční ocenění mimořádných výsledků","2014","PRI","596000.00"
"25","AV0","OMV","Věcné nebo finanční ocenění mimořádných výsledků","2014","CER-1","596000.00"
"26","AV0","OMV","Věcné nebo finanční ocenění mimořádných výsledků","2015","PRI","596000.00"
"27","AV0","VSZ","Zabezpečení veřejných soutěží, hodnocení projektů a výzkumných záměrů","2011","CER-1","7200000.00"
"28","AV0","VSZ","Zabezpečení veřejných soutěží, hodnocení projektů a výzkumných záměrů","2012","PRI","6629000.00"
"29","AV0","VSZ","Zabezpečení veřejných soutěží, hodnocení projektů a výzkumných záměrů","2012","CER-1","6629000.00"
"30","AV0","VSZ","Zabezpečení veřejných soutěží, hodnocení projektů a výzkumných záměrů","2013","PRI","6629000.00"
"31","AV0","VSZ","Zabezpečení veřejných soutěží, hodnocení projektů a výzkumných záměrů","2013","CER-1","6629000.00"
"32","AV0","VSZ","Zabezpečení veřejných soutěží, hodnocení projektů a výzkumných záměrů","2014","PRI","0.00"
"33","GA0","CIN","Náklady spojené s činností poskytovatele (podle § 3 odst. 3 písm. f) zákona č. 130/2002 Sb.)","2011","PRI","95704000.00"
"34","GA0","CIN","Náklady spojené s činností poskytovatele (podle § 3 odst. 3 písm. f) zákona č. 130/2002 Sb.)","2010","CER-1","55785000.00"
"35","KHP","VSZ","Zabezpečení veřejných soutěží, hodnocení projektů a výzkumných záměrů","2011","CER-1","0.00"
"36","KHP","VSZ","Zabezpečení veřejných soutěží, hodnocení projektů a výzkumných záměrů","2012","PRI","20000000.00"
"37","MD0","VSZ","Zabezpečení veřejných soutěží, hodnocení projektů a výzkumných záměrů","2009","CER-1","4200000.00"
"38","MD0","VSZ","Zabezpečení veřejných soutěží, hodnocení projektů a výzkumných záměrů","2010","CER-1","5120000.00"
"39","MMR","VSZ","Zabezpečení veřejných soutěží, hodnocení projektů a výzkumných záměrů","2009","CER-1","2000000.00"
"40","MO0","VSZ","Zabezpečení veřejných soutěží, hodnocení projektů a výzkumných záměrů","2009","CER-1","884000.00"
"41","MO0","VSZ","Zabezpečení veřejných soutěží, hodnocení projektů a výzkumných záměrů","2010","CER-1","677000.00"
"42","MO0","VSZ","Zabezpečení veřejných soutěží, hodnocení projektů a výzkumných záměrů","2011","CER-1","623000.00"
"43","MO0","VSZ","Zabezpečení veřejných soutěží, hodnocení projektů a výzkumných záměrů","2012","PRI","3340000.00"
"44","MO0","VSZ","Zabezpečení veřejných soutěží, hodnocení projektů a výzkumných záměrů","2012","CER-1","927000.00"
"45","MO0","VSZ","Zabezpečení veřejných soutěží, hodnocení projektů a výzkumných záměrů","2013","PRI","3243000.00"
"46","MO0","VSZ","Zabezpečení veřejných soutěží, hodnocení projektů a výzkumných záměrů","2013","CER-1","470000.00"
"47","MO0","VSZ","Zabezpečení veřejných soutěží, hodnocení projektů a výzkumných záměrů","2014","PRI","3340000.00"
"48","MO0","VSZ","Zabezpečení veřejných soutěží, hodnocení projektů a výzkumných záměrů","2014","CER-1","624000.00"
"49","MO0","VSZ","Zabezpečení veřejných soutěží, hodnocení projektů a výzkumných záměrů","2015","PRI","3340000.00"
"50","MO0","VSZ","Zabezpečení veřejných soutěží, hodnocení projektů a výzkumných záměrů","2015","CER-1","947000.00"
"51","MO0","VSZ","Zabezpečení veřejných soutěží, hodnocení projektů a výzkumných záměrů","2016","PRI","3340000.00"
"52","MPO","VSZ","Zabezpečení veřejných soutěží, hodnocení projektů a výzkumných záměrů","2009","CER-1","0.00"
"53","MPO","VSZ","Zabezpečení veřejných soutěží, hodnocení projektů a výzkumných záměrů","2010","CER-1","6971000.00"
"54","MPO","VSZ","Zabezpečení veřejných soutěží, hodnocení projektů a výzkumných záměrů","2011","CER-1","5058000.00"
"55","MPO","VSZ","Zabezpečení veřejných soutěží, hodnocení projektů a výzkumných záměrů","2012","PRI","7636000.00"
"56","MPO","VSZ","Zabezpečení veřejných soutěží, hodnocení projektů a výzkumných záměrů","2012","CER-1","5058000.00"
"57","MPO","VSZ","Zabezpečení veřejných soutěží, hodnocení projektů a výzkumných záměrů","2013","PRI","7634000.00"
"58","MPO","VSZ","Zabezpečení veřejných soutěží, hodnocení projektů a výzkumných záměrů","2013","CER-1","7634000.00"
"59","MPO","VSZ","Zabezpečení veřejných soutěží, hodnocení projektů a výzkumných záměrů","2014","PRI","7634000.00"
"60","MPO","VSZ","Zabezpečení veřejných soutěží, hodnocení projektů a výzkumných záměrů","2014","CER-1","7634000.00"
"61","MPO","VSZ","Zabezpečení veřejných soutěží, hodnocení projektů a výzkumných záměrů","2015","PRI","7634000.00"
"62","MPO","VSZ","Zabezpečení veřejných soutěží, hodnocení projektů a výzkumných záměrů","2015","CER-1","7634000.00"
"63","MPO","VSZ","Zabezpečení veřejných soutěží, hodnocení projektů a výzkumných záměrů","2016","PRI","7634000.00"
"64","MSM","OMV","Věcné nebo finanční ocenění mimořádných výsledků","2009","CER-1","500000.00"
"65","MSM","OMV","Věcné nebo finanční ocenění mimořádných výsledků","2010","CER-1","500000.00"
"66","MSM","OMV","Věcné nebo finanční ocenění mimořádných výsledků","2011","CER-1","650000.00"
"67","MSM","OMV","Věcné nebo finanční ocenění mimořádných výsledků","2012","PRI","500000.00"
"68","MSM","OMV","Věcné nebo finanční ocenění mimořádných výsledků","2012","CER-1","500000.00"
"69","MSM","OMV","Věcné nebo finanční ocenění mimořádných výsledků","2013","PRI","650000.00"
"70","MSM","OMV","Věcné nebo finanční ocenění mimořádných výsledků","2013","CER-1","650000.00"
"71","MSM","OMV","Věcné nebo finanční ocenění mimořádných výsledků","2014","PRI","650000.00"
"72","MSM","OMV","Věcné nebo finanční ocenění mimořádných výsledků","2014","CER-1","900000.00"
"73","MSM","OMV","Věcné nebo finanční ocenění mimořádných výsledků","2015","PRI","900000.00"
"74","MSM","OMV","Věcné nebo finanční ocenění mimořádných výsledků","2015","CER-1","900000.00"
"75","MSM","OMV","Věcné nebo finanční ocenění mimořádných výsledků","2016","PRI","900000.00"
"76","MSM","VSZ","Zabezpečení veřejných soutěží, hodnocení projektů a výzkumných záměrů","2009","CER-1","6809000.00"
"77","MSM","VSZ","Zabezpečení veřejných soutěží, hodnocení projektů a výzkumných záměrů","2010","CER-1","4740000.00"
"78","MSM","VSZ","Zabezpečení veřejných soutěží, hodnocení projektů a výzkumných záměrů","2011","CER-1","5890000.00"
"79","MSM","VSZ","Zabezpečení veřejných soutěží, hodnocení projektů a výzkumných záměrů","2012","PRI","13050000.00"
"80","MSM","VSZ","Zabezpečení veřejných soutěží, hodnocení projektů a výzkumných záměrů","2012","CER-1","13050000.00"
"81","MSM","VSZ","Zabezpečení veřejných soutěží, hodnocení projektů a výzkumných záměrů","2013","PRI","12519000.00"
"82","MSM","VSZ","Zabezpečení veřejných soutěží, hodnocení projektů a výzkumných záměrů","2013","CER-1","12519000.00"
"83","MSM","VSZ","Zabezpečení veřejných soutěží, hodnocení projektů a výzkumných záměrů","2014","PRI","12900000.00"
"84","MSM","VSZ","Zabezpečení veřejných soutěží, hodnocení projektů a výzkumných záměrů","2014","CER-1","4398000.00"
"85","MSM","VSZ","Zabezpečení veřejných soutěží, hodnocení projektů a výzkumných záměrů","2015","PRI","12650000.00"
"86","MSM","VSZ","Zabezpečení veřejných soutěží, hodnocení projektů a výzkumných záměrů","2015","CER-1","9158000.00"
"87","MSM","VSZ","Zabezpečení veřejných soutěží, hodnocení projektů a výzkumných záměrů","2016","PRI","12650000.00"
"88","MZ0","OMV","Věcné nebo finanční ocenění mimořádných výsledků","2009","CER-1","400000.00"
"89","MZ0","OMV","Věcné nebo finanční ocenění mimořádných výsledků","2010","CER-1","300000.00"
"90","MZ0","OMV","Věcné nebo finanční ocenění mimořádných výsledků","2011","CER-1","100000.00"
"91","MZ0","OMV","Věcné nebo finanční ocenění mimořádných výsledků","2012","PRI","315000.00"
"92","MZ0","OMV","Věcné nebo finanční ocenění mimořádných výsledků","2012","CER-1","300000.00"
"93","MZ0","OMV","Věcné nebo finanční ocenění mimořádných výsledků","2013","PRI","306000.00"
"94","MZ0","OMV","Věcné nebo finanční ocenění mimořádných výsledků","2013","CER-1","0.00"
"95","MZ0","OMV","Věcné nebo finanční ocenění mimořádných výsledků","2014","PRI","315000.00"
"96","MZ0","OMV","Věcné nebo finanční ocenění mimořádných výsledků","2014","CER-1","100000.00"
"97","MZ0","OMV","Věcné nebo finanční ocenění mimořádných výsledků","2015","PRI","315000.00"
"98","MZ0","OMV","Věcné nebo finanční ocenění mimořádných výsledků","2015","CER-1","300000.00"
"99","MZ0","OMV","Věcné nebo finanční ocenění mimořádných výsledků","2016","PRI","315000.00"
"100","MZ0","SOP","Spolufinancování operačního programu","2013","CER-1","55206000.00"
"101","MZ0","SOP","Spolufinancování operačního programu","2014","PRI","15851000.00"
"102","MZ0","SOP","Spolufinancování operačního programu","2014","CER-1","3791000.00"
"103","MZ0","SOP","Spolufinancování operačního programu","2015","PRI","130000000.00"
"104","MZ0","VSZ","Zabezpečení veřejných soutěží, hodnocení projektů a výzkumných záměrů","2009","CER-1","656000.00"
"105","MZ0","VSZ","Zabezpečení veřejných soutěží, hodnocení projektů a výzkumných záměrů","2010","CER-1","12135000.00"
"106","MZ0","VSZ","Zabezpečení veřejných soutěží, hodnocení projektů a výzkumných záměrů","2011","CER-1","12697000.00"
"107","MZ0","VSZ","Zabezpečení veřejných soutěží, hodnocení projektů a výzkumných záměrů","2012","PRI","20039000.00"
"108","MZ0","VSZ","Zabezpečení veřejných soutěží, hodnocení projektů a výzkumných záměrů","2012","CER-1","14588000.00"
"109","MZ0","VSZ","Zabezpečení veřejných soutěží, hodnocení projektů a výzkumných záměrů","2013","PRI","20383000.00"
"110","MZ0","VSZ","Zabezpečení veřejných soutěží, hodnocení projektů a výzkumných záměrů","2013","CER-1","14310000.00"
"111","MZ0","VSZ","Zabezpečení veřejných soutěží, hodnocení projektů a výzkumných záměrů","2014","PRI","21309000.00"
"112","MZ0","VSZ","Zabezpečení veřejných soutěží, hodnocení projektů a výzkumných záměrů","2014","CER-1","29947000.00"
"113","MZ0","VSZ","Zabezpečení veřejných soutěží, hodnocení projektů a výzkumných záměrů","2015","PRI","20994000.00"
"114","MZ0","VSZ","Zabezpečení veřejných soutěží, hodnocení projektů a výzkumných záměrů","2015","CER-1","11469000.00"
"115","MZ0","VSZ","Zabezpečení veřejných soutěží, hodnocení projektů a výzkumných záměrů","2016","PRI","31262000.00"
"116","MZE","OMV","Věcné nebo finanční ocenění mimořádných výsledků","2009","CER-1","180000.00"
"117","MZE","OMV","Věcné nebo finanční ocenění mimořádných výsledků","2010","CER-1","200000.00"
"118","MZE","OMV","Věcné nebo finanční ocenění mimořádných výsledků","2011","CER-1","180000.00"
"119","MZE","OMV","Věcné nebo finanční ocenění mimořádných výsledků","2012","PRI","200000.00"
"120","MZE","OMV","Věcné nebo finanční ocenění mimořádných výsledků","2012","CER-1","150000.00"
"121","MZE","OMV","Věcné nebo finanční ocenění mimořádných výsledků","2013","PRI","194000.00"
"122","MZE","OMV","Věcné nebo finanční ocenění mimořádných výsledků","2013","CER-1","300000.00"
"123","MZE","OMV","Věcné nebo finanční ocenění mimořádných výsledků","2014","PRI","300000.00"
"124","MZE","OMV","Věcné nebo finanční ocenění mimořádných výsledků","2014","CER-1","300000.00"
"125","MZE","OMV","Věcné nebo finanční ocenění mimořádných výsledků","2015","PRI","300000.00"
"126","MZE","OMV","Věcné nebo finanční ocenění mimořádných výsledků","2015","CER-1","300000.00"
"127","MZE","OMV","Věcné nebo finanční ocenění mimořádných výsledků","2016","PRI","300000.00"
"128","MZE","VSZ","Zabezpečení veřejných soutěží, hodnocení projektů a výzkumných záměrů","2009","CER-1","3035000.00"
"129","MZE","VSZ","Zabezpečení veřejných soutěží, hodnocení projektů a výzkumných záměrů","2010","CER-1","2598000.00"
"130","MZE","VSZ","Zabezpečení veřejných soutěží, hodnocení projektů a výzkumných záměrů","2011","CER-1","1788000.00"
"131","MZE","VSZ","Zabezpečení veřejných soutěží, hodnocení projektů a výzkumných záměrů","2012","PRI","5500000.00"
"132","MZE","VSZ","Zabezpečení veřejných soutěží, hodnocení projektů a výzkumných záměrů","2012","CER-1","3296000.00"
"133","MZE","VSZ","Zabezpečení veřejných soutěží, hodnocení projektů a výzkumných záměrů","2013","PRI","5340000.00"
"134","MZE","VSZ","Zabezpečení veřejných soutěží, hodnocení projektů a výzkumných záměrů","2013","CER-1","332000.00"
"135","MZE","VSZ","Zabezpečení veřejných soutěží, hodnocení projektů a výzkumných záměrů","2014","PRI","5400000.00"
"136","MZE","VSZ","Zabezpečení veřejných soutěží, hodnocení projektů a výzkumných záměrů","2014","CER-1","5400000.00"
"137","MZE","VSZ","Zabezpečení veřejných soutěží, hodnocení projektů a výzkumných záměrů","2015","PRI","5100000.00"
"138","MZE","VSZ","Zabezpečení veřejných soutěží, hodnocení projektů a výzkumných záměrů","2015","CER-1","1128000.00"
"139","MZE","VSZ","Zabezpečení veřejných soutěží, hodnocení projektů a výzkumných záměrů","2016","PRI","3000000.00"
"140","TA0","CIN","Náklady spojené s činností poskytovatele","2012","CER-1","70251000.00"
"141","TA0","CIN","Náklady spojené s činností poskytovatele","2013","PRI","99030000.00"
"142","URV","CIN","Náklady spojené s činností poskytovatele","2009","CER-1","16073000.00"
"143","URV","CIN","Náklady spojené s činností poskytovatele","2012","CER-1","34853000.00"
"144","URV","CIN","Náklady spojené s činností poskytovatele","2013","PRI","33000000.00"
"145","URV","OMV","Věcné nebo finanční ocenění mimořádných výsledků","2012","CER-1","1000000.00"
"146","URV","OMV","Věcné nebo finanční ocenění mimořádných výsledků","2013","PRI","1000000.00"
"147","MO0","CIN","Náklady spojené s činností poskytovatele (podle § 3 odst. 3 písm. f) zákona č. 130/2002 Sb.)","2016","CER-1","652000.00"
"148","MO0","CIN","Náklady spojené s činností poskytovatele (podle § 3 odst. 3 písm. f) zákona č. 130/2002 Sb.)","2017","PRI","3340000.00"
"149","AV0","CIN","Náklady spojené s činností poskytovatele (podle § 3 odst. 3 písm. f) zákona č. 130/2002 Sb.)","2016","CER-1","1371940000.00"
"150","AV0","CIN","Náklady spojené s činností poskytovatele (podle § 3 odst. 3 písm. f) zákona č. 130/2002 Sb.)","2017","PRI","1578466000.00"
"151","MZE","OMV","Věcné nebo finanční ocenění mimořádných výsledků (podle § 3 odst. 3 písm. e) zákona č. 130/2002 Sb.)","2016","CER-1","300000.00"
"152","MZE","OMV","Věcné nebo finanční ocenění mimořádných výsledků (podle § 3 odst. 3 písm. e) zákona č. 130/2002 Sb.)","2017","PRI","300000.00"
"153","MZE","VSZ","Zabezpečení veřejných soutěží, hodnocení projektů a výzkumných záměrů (podle § 3 odst. 3 písm. d) zákona č. 130/2002 Sb.)","2016","CER-1","2371000.00"
"154","MZE","VSZ","Zabezpečení veřejných soutěží, hodnocení projektů a výzkumných záměrů (podle § 3 odst. 3 písm. d) zákona č. 130/2002 Sb.)","2017","PRI","3000000.00"
"155","MZ0","OMV","Věcné nebo finanční ocenění mimořádných výsledků (podle § 3 odst. 3 písm. e) zákona č. 130/2002 Sb.)","2016","CER-1","500000.00"
"156","MZ0","OMV","Věcné nebo finanční ocenění mimořádných výsledků (podle § 3 odst. 3 písm. e) zákona č. 130/2002 Sb.)","2017","PRI","300000.00"
"157","MZ0","VSZ","Zabezpečení veřejných soutěží, hodnocení projektů a výzkumných záměrů (podle § 3 odst. 3 písm. d) zákona č. 130/2002 Sb.)","2016","CER-1","28930000.00"
"158","MZ0","VSZ","Zabezpečení veřejných soutěží, hodnocení projektů a výzkumných záměrů (podle § 3 odst. 3 písm. d) zákona č. 130/2002 Sb.)","2017","PRI","31262000.00"
"159","MZ0","SPP","Skutečně vynaložená výše podpory na skupinu grantových projektů nebo program (podle § 3 písm. b) bod 8 nařízení vlády)","2016","CER-1","695166000.00"
"160","MZ0","SPP","Skutečně vynaložená výše podpory na skupinu grantových projektů nebo program (podle § 3 písm. b) bod 8 nařízení vlády)","2017","PRI","900000000.00"
"161","GA0","CIN","Náklady spojené s činností poskytovatele (podle § 3 odst. 3 písm. f) zákona č. 130/2002 Sb.)","2017","CER-1","85015000.00"
"162","GA0","CIN","Náklady spojené s činností poskytovatele (podle § 3 odst. 3 písm. f) zákona č. 130/2002 Sb.)","2018","PRI","109783000.00"
"163","GA0","OMV","Věcné nebo finanční ocenění mimořádných výsledků (podle § 3 odst. 3 písm. e) zákona č. 130/2002 Sb.)","2017","CER-1","500000.00"
"164","GA0","OMV","Věcné nebo finanční ocenění mimořádných výsledků (podle § 3 odst. 3 písm. e) zákona č. 130/2002 Sb.)","2018","PRI","500000.00"
"165","MZ0","OMV","Věcné nebo finanční ocenění mimořádných výsledků (podle § 3 odst. 3 písm. e) zákona č. 130/2002 Sb.)","2017","CER-1","0.00"
"166","MZ0","OMV","Věcné nebo finanční ocenění mimořádných výsledků (podle § 3 odst. 3 písm. e) zákona č. 130/2002 Sb.)","2018","PRI","300000.00"
"167","MZ0","SPP","Skutečně vynaložená výše podpory na skupinu grantových projektů nebo program (podle § 3 písm. b) bod 8 nařízení vlády)","2017","CER-1","981075000.00"
"168","MZ0","SPP","Skutečně vynaložená výše podpory na skupinu grantových projektů nebo program (podle § 3 písm. b) bod 8 nařízení vlády)","2018","PRI","900000000.00"
"169","MZ0","VSZ","Zabezpečení veřejných soutěží, hodnocení projektů a výzkumných záměrů (podle § 3 odst. 3 písm. d) zákona č. 130/2002 Sb.)","2017","CER-1","14375000.00"
"170","MZ0","VSZ","Zabezpečení veřejných soutěží, hodnocení projektů a výzkumných záměrů (podle § 3 odst. 3 písm. d) zákona č. 130/2002 Sb.)","2018","PRI","36295000.00"
"171","MZE","OMV","Věcné nebo finanční ocenění mimořádných výsledků (podle § 3 odst. 3 písm. e) zákona č. 130/2002 Sb.)","2017","CER-1","300000.00"
"172","MZE","OMV","Věcné nebo finanční ocenění mimořádných výsledků (podle § 3 odst. 3 písm. e) zákona č. 130/2002 Sb.)","2018","PRI","420000.00"
"173","MZE","VSZ","Zabezpečení veřejných soutěží, hodnocení projektů a výzkumných záměrů (podle § 3 odst. 3 písm. d) zákona č. 130/2002 Sb.)","2017","CER-1","2734000.00"
"174","MZE","VSZ","Zabezpečení veřejných soutěží, hodnocení projektů a výzkumných záměrů (podle § 3 odst. 3 písm. d) zákona č. 130/2002 Sb.)","2018","PRI","5000000.00"
"175","MO0","VSZ","Zabezpečení veřejných soutěží, hodnocení projektů a výzkumných záměrů (podle § 3 odst. 3 písm. d) zákona č. 130/2002 Sb.)","2017","CER-1","1255000.00"
"176","MO0","VSZ","Zabezpečení veřejných soutěží, hodnocení projektů a výzkumných záměrů (podle § 3 odst. 3 písm. d) zákona č. 130/2002 Sb.)","2018","PRI","2500000.00"
"177","AV0","CIN","Náklady spojené s činností poskytovatele (podle § 3 odst. 3 písm. f) zákona č. 130/2002 Sb.)","2017","CER-1","1679826000.00"
"178","AV0","CIN","Náklady spojené s činností poskytovatele (podle § 3 odst. 3 písm. f) zákona č. 130/2002 Sb.)","2018","PRI","1737827000.00"
"179","MPS","VSZ","Zabezpečení veřejných soutěží, hodnocení projektů a výzkumných záměrů (podle § 3 odst. 3 písm. d) zákona č. 130/2002 Sb.)","2017","CER-1","0.00"
"180","MPS","VSZ","Zabezpečení veřejných soutěží, hodnocení projektů a výzkumných záměrů (podle § 3 odst. 3 písm. d) zákona č. 130/2002 Sb.)","2018","PRI","274000.00"
"181","TA0","CIN","Náklady spojené s činností poskytovatele (podle § 3 odst. 3 písm. f) zákona č. 130/2002 Sb.)","2017","CER-1","110774000.00"
"182","TA0","CIN","Náklady spojené s činností poskytovatele (podle § 3 odst. 3 písm. f) zákona č. 130/2002 Sb.)","2018","PRI","128445000.00"
"183","MPO","VSZ","Zabezpečení veřejných soutěží, hodnocení projektů a výzkumných záměrů (podle § 3 odst. 3 písm. d) zákona č. 130/2002 Sb.)","2017","CER-1","7601000.00"
"184","MPO","VSZ","Zabezpečení veřejných soutěží, hodnocení projektů a výzkumných záměrů (podle § 3 odst. 3 písm. d) zákona č. 130/2002 Sb.)","2018","PRI","7000000.00"
"185","MK0","VSZ","Zabezpečení veřejných soutěží, hodnocení projektů a výzkumných záměrů (podle § 3 odst. 3 písm. d) zákona č. 130/2002 Sb.)","2017","CER-1","4479000.00"
"186","MK0","VSZ","Zabezpečení veřejných soutěží, hodnocení projektů a výzkumných záměrů (podle § 3 odst. 3 písm. d) zákona č. 130/2002 Sb.)","2018","PRI","4479000.00"
"187","URV","OMV","Věcné nebo finanční ocenění mimořádných výsledků (podle § 3 odst. 3 písm. e) zákona č. 130/2002 Sb.)","2017","CER-1","1350000.00"
"188","URV","OMV","Věcné nebo finanční ocenění mimořádných výsledků (podle § 3 odst. 3 písm. e) zákona č. 130/2002 Sb.)","2018","PRI","0.00"
"189","URV","CIN","Náklady spojené s činností poskytovatele (podle § 3 odst. 3 písm. f) zákona č. 130/2002 Sb.)","2017","CER-1","75020000.00"
"190","URV","CIN","Náklady spojené s činností poskytovatele (podle § 3 odst. 3 písm. f) zákona č. 130/2002 Sb.)","2018","PRI","79404000.00"
"191","MV0","OMV","Věcné nebo finanční ocenění mimořádných výsledků (podle § 3 odst. 3 písm. e) zákona č. 130/2002 Sb.)","2017","CER-1","500000.00"
"192","MV0","OMV","Věcné nebo finanční ocenění mimořádných výsledků (podle § 3 odst. 3 písm. e) zákona č. 130/2002 Sb.)","2018","PRI","500000.00"
"193","MV0","VSZ","Zabezpečení veřejných soutěží, hodnocení projektů a výzkumných záměrů (podle § 3 odst. 3 písm. d) zákona č. 130/2002 Sb.)","2017","CER-1","925000.00"
"194","MV0","VSZ","Zabezpečení veřejných soutěží, hodnocení projektů a výzkumných záměrů (podle § 3 odst. 3 písm. d) zákona č. 130/2002 Sb.)","2018","PRI","4807000.00"
"195","MPO","VSZ","Zabezpečení veřejných soutěží, hodnocení projektů a výzkumných záměrů (podle § 3 odst. 3 písm. d) zákona č. 130/2002 Sb.)","2018","CER-1","7025000.00"
"196","MPO","VSZ","Zabezpečení veřejných soutěží, hodnocení projektů a výzkumných záměrů (podle § 3 odst. 3 písm. d) zákona č. 130/2002 Sb.)","2019","PRI","7000000.00"
"197","MO0","VSZ","Zabezpečení veřejných soutěží, hodnocení projektů a výzkumných záměrů (podle § 3 odst. 3 písm. d) zákona č. 130/2002 Sb.)","2018","CER-1","606000.00"
"198","MO0","VSZ","Zabezpečení veřejných soutěží, hodnocení projektů a výzkumných záměrů (podle § 3 odst. 3 písm. d) zákona č. 130/2002 Sb.)","2019","PRI","3100000.00"
"199","MZV","VSZ","Zabezpečení veřejných soutěží, hodnocení projektů a výzkumných záměrů (podle § 3 odst. 3 písm. d) zákona č. 130/2002 Sb.)","2017","CER-1","27000.00"
"200","MZV","VSZ","Zabezpečení veřejných soutěží, hodnocení projektů a výzkumných záměrů (podle § 3 odst. 3 písm. d) zákona č. 130/2002 Sb.)","2018","PRI","0.00"
"201","MK0","VSZ","Zabezpečení veřejných soutěží, hodnocení projektů a výzkumných záměrů (podle § 3 odst. 3 písm. d) zákona č. 130/2002 Sb.)","2018","CER-1","2870000.00"
"202","MK0","VSZ","Zabezpečení veřejných soutěží, hodnocení projektů a výzkumných záměrů (podle § 3 odst. 3 písm. d) zákona č. 130/2002 Sb.)","2019","PRI","2870000.00"
"203","URV","CIN","Náklady spojené s činností poskytovatele (podle § 3 odst. 3 písm. f) zákona č. 130/2002 Sb.)","2018","CER-1","51126000.00"
"204","URV","CIN","Náklady spojené s činností poskytovatele (podle § 3 odst. 3 písm. f) zákona č. 130/2002 Sb.)","2019","PRI","64006000.00"
"205","URV","OMV","Věcné nebo finanční ocenění mimořádných výsledků (podle § 3 odst. 3 písm. e) zákona č. 130/2002 Sb.)","2018","CER-1","1350000.00"
"206","URV","OMV","Věcné nebo finanční ocenění mimořádných výsledků (podle § 3 odst. 3 písm. e) zákona č. 130/2002 Sb.)","2019","PRI","1500000.00"
"207","GA0","OMV","Věcné nebo finanční ocenění mimořádných výsledků (podle § 3 odst. 3 písm. e) zákona č. 130/2002 Sb.)","2018","CER-1","500000.00"
"208","GA0","OMV","Věcné nebo finanční ocenění mimořádných výsledků (podle § 3 odst. 3 písm. e) zákona č. 130/2002 Sb.)","2019","PRI","500000.00"
"209","AV0","CIN","Náklady spojené s činností poskytovatele (podle § 3 odst. 3 písm. f) zákona č. 130/2002 Sb.)","2018","CER-1","1669984000.00"
"210","AV0","CIN","Náklady spojené s činností poskytovatele (podle § 3 odst. 3 písm. f) zákona č. 130/2002 Sb.)","2019","PRI","1880475000.00"
"211","MZ0","VSZ","Zabezpečení veřejných soutěží, hodnocení projektů a výzkumných záměrů (podle § 3 odst. 3 písm. d) zákona č. 130/2002 Sb.)","2018","CER-1","15522000.00"
"212","MZ0","VSZ","Zabezpečení veřejných soutěží, hodnocení projektů a výzkumných záměrů (podle § 3 odst. 3 písm. d) zákona č. 130/2002 Sb.)","2019","PRI","1500000.00"
"213","MZ0","OMV","Věcné nebo finanční ocenění mimořádných výsledků (podle § 3 odst. 3 písm. e) zákona č. 130/2002 Sb.)","2018","CER-1","0.00"
"214","MZ0","OMV","Věcné nebo finanční ocenění mimořádných výsledků (podle § 3 odst. 3 písm. e) zákona č. 130/2002 Sb.)","2019","PRI","500000.00"
"215","MZE","OMV","Věcné nebo finanční ocenění mimořádných výsledků (podle § 3 odst. 3 písm. e) zákona č. 130/2002 Sb.)","2018","CER-1","420000.00"
"216","MZE","OMV","Věcné nebo finanční ocenění mimořádných výsledků (podle § 3 odst. 3 písm. e) zákona č. 130/2002 Sb.)","2019","PRI","420000.00"
"217","MZE","VSZ","Zabezpečení veřejných soutěží, hodnocení projektů a výzkumných záměrů (podle § 3 odst. 3 písm. d) zákona č. 130/2002 Sb.)","2018","CER-1","2850000.00"
"218","MZE","VSZ","Zabezpečení veřejných soutěží, hodnocení projektů a výzkumných záměrů (podle § 3 odst. 3 písm. d) zákona č. 130/2002 Sb.)","2019","PRI","5000000.00"
"219","GA0","CIN","Náklady spojené s činností poskytovatele (podle § 3 odst. 3 písm. f) zákona č. 130/2002 Sb.)","2018","CER-1","111055000.00"
"220","GA0","CIN","Náklady spojené s činností poskytovatele (podle § 3 odst. 3 písm. f) zákona č. 130/2002 Sb.)","2019","PRI","109783000.00"
"221","MV0","OMV","Věcné nebo finanční ocenění mimořádných výsledků (podle § 3 odst. 3 písm. e) zákona č. 130/2002 Sb.)","2018","CER-1","500000.00"
"222","MV0","OMV","Věcné nebo finanční ocenění mimořádných výsledků (podle § 3 odst. 3 písm. e) zákona č. 130/2002 Sb.)","2019","PRI","500000.00"
"223","MV0","VSZ","Zabezpečení veřejných soutěží, hodnocení projektů a výzkumných záměrů (podle § 3 odst. 3 písm. d) zákona č. 130/2002 Sb.)","2018","CER-1","709000.00"
"224","MV0","VSZ","Zabezpečení veřejných soutěží, hodnocení projektů a výzkumných záměrů (podle § 3 odst. 3 písm. d) zákona č. 130/2002 Sb.)","2019","PRI","4807000.00"
"225","MSM","OMV","Věcné nebo finanční ocenění mimořádných výsledků (podle § 3 odst. 3 písm. e) zákona č. 130/2002 Sb.)","2018","CER-1","800000.00"
"226","MSM","OMV","Věcné nebo finanční ocenění mimořádných výsledků (podle § 3 odst. 3 písm. e) zákona č. 130/2002 Sb.)","2019","PRI","900000.00"
"227","MSM","VSZ","Zabezpečení veřejných soutěží, hodnocení projektů a výzkumných záměrů (podle § 3 odst. 3 písm. d) zákona č. 130/2002 Sb.)","2018","CER-1","4589000.00"
"228","MSM","VSZ","Zabezpečení veřejných soutěží, hodnocení projektů a výzkumných záměrů (podle § 3 odst. 3 písm. d) zákona č. 130/2002 Sb.)","2019","PRI","7000000.00"
"229","GA0","CIN","Náklady spojené s činností poskytovatele (podle § 3 odst. 3 písm. f) zákona č. 130/2002 Sb.)","2009","CER-1","50449000.00"
"230","GA0","CIN","Náklady spojené s činností poskytovatele (podle § 3 odst. 3 písm. f) zákona č. 130/2002 Sb.)","2010","PRI","72676000.00"
"231","GA0","OMV","Věcné nebo finanční ocenění mimořádných výsledků (podle § 3 odst. 3 písm. e) zákona č. 130/2002 Sb.)","2009","CER-1","335000.00"
"232","GA0","OMV","Věcné nebo finanční ocenění mimořádných výsledků (podle § 3 odst. 3 písm. e) zákona č. 130/2002 Sb.)","2010","PRI","335000.00"
"233","GA0","OMV","Věcné nebo finanční ocenění mimořádných výsledků (podle § 3 odst. 3 písm. e) zákona č. 130/2002 Sb.)","2010","CER-1","335000.00"
"234","GA0","OMV","Věcné nebo finanční ocenění mimořádných výsledků (podle § 3 odst. 3 písm. e) zákona č. 130/2002 Sb.)","2011","PRI","335000.00"
"235","GA0","CIN","Náklady spojené s činností poskytovatele (podle § 3 odst. 3 písm. f) zákona č. 130/2002 Sb.)","2011","CER-1","76011000.00"
"236","GA0","CIN","Náklady spojené s činností poskytovatele (podle § 3 odst. 3 písm. f) zákona č. 130/2002 Sb.)","2012","PRI","104826000.00"
"237","GA0","OMV","Věcné nebo finanční ocenění mimořádných výsledků (podle § 3 odst. 3 písm. e) zákona č. 130/2002 Sb.)","2011","CER-1","335000.00"
"238","GA0","OMV","Věcné nebo finanční ocenění mimořádných výsledků (podle § 3 odst. 3 písm. e) zákona č. 130/2002 Sb.)","2012","PRI","335000.00"
"239","GA0","CIN","Náklady spojené s činností poskytovatele (podle § 3 odst. 3 písm. f) zákona č. 130/2002 Sb.)","2012","CER-1","73595000.00"
"240","GA0","CIN","Náklady spojené s činností poskytovatele (podle § 3 odst. 3 písm. f) zákona č. 130/2002 Sb.)","2013","PRI","111476000.00"
"241","GA0","OMV","Věcné nebo finanční ocenění mimořádných výsledků (podle § 3 odst. 3 písm. e) zákona č. 130/2002 Sb.)","2012","CER-1","335000.00"
"242","GA0","OMV","Věcné nebo finanční ocenění mimořádných výsledků (podle § 3 odst. 3 písm. e) zákona č. 130/2002 Sb.)","2013","PRI","335000.00"
"243","GA0","CIN","Náklady spojené s činností poskytovatele (podle § 3 odst. 3 písm. f) zákona č. 130/2002 Sb.)","2013","CER-1","94423000.00"
"244","GA0","CIN","Náklady spojené s činností poskytovatele (podle § 3 odst. 3 písm. f) zákona č. 130/2002 Sb.)","2014","PRI","110557000.00"
"245","GA0","OMV","Věcné nebo finanční ocenění mimořádných výsledků (podle § 3 odst. 3 písm. e) zákona č. 130/2002 Sb.)","2013","CER-1","335000.00"
"246","GA0","OMV","Věcné nebo finanční ocenění mimořádných výsledků (podle § 3 odst. 3 písm. e) zákona č. 130/2002 Sb.)","2014","PRI","335000.00"
"247","GA0","CIN","Náklady spojené s činností poskytovatele (podle § 3 odst. 3 písm. f) zákona č. 130/2002 Sb.)","2014","CER-1","86782000.00"
"248","GA0","CIN","Náklady spojené s činností poskytovatele (podle § 3 odst. 3 písm. f) zákona č. 130/2002 Sb.)","2015","PRI","110365000.00"
"249","GA0","OMV","Věcné nebo finanční ocenění mimořádných výsledků (podle § 3 odst. 3 písm. e) zákona č. 130/2002 Sb.)","2014","CER-1","400000.00"
"250","GA0","OMV","Věcné nebo finanční ocenění mimořádných výsledků (podle § 3 odst. 3 písm. e) zákona č. 130/2002 Sb.)","2015","PRI","400000.00"
"251","GA0","CIN","Náklady spojené s činností poskytovatele (podle § 3 odst. 3 písm. f) zákona č. 130/2002 Sb.)","2015","CER-1","80615000.00"
"252","GA0","CIN","Náklady spojené s činností poskytovatele (podle § 3 odst. 3 písm. f) zákona č. 130/2002 Sb.)","2016","PRI","110392000.00"
"253","GA0","OMV","Věcné nebo finanční ocenění mimořádných výsledků (podle § 3 odst. 3 písm. e) zákona č. 130/2002 Sb.)","2015","CER-1","400000.00"
"254","GA0","OMV","Věcné nebo finanční ocenění mimořádných výsledků (podle § 3 odst. 3 písm. e) zákona č. 130/2002 Sb.)","2016","PRI","400000.00"
"255","GA0","CIN","Náklady spojené s činností poskytovatele (podle § 3 odst. 3 písm. f) zákona č. 130/2002 Sb.)","2016","CER-1","85582000.00"
"256","GA0","CIN","Náklady spojené s činností poskytovatele (podle § 3 odst. 3 písm. f) zákona č. 130/2002 Sb.)","2017","PRI","113240000.00"
"257","GA0","OMV","Věcné nebo finanční ocenění mimořádných výsledků (podle § 3 odst. 3 písm. e) zákona č. 130/2002 Sb.)","2016","CER-1","500000.00"
"258","GA0","OMV","Věcné nebo finanční ocenění mimořádných výsledků (podle § 3 odst. 3 písm. e) zákona č. 130/2002 Sb.)","2017","PRI","500000.00"
"259","TA0","CIN","Náklady spojené s činností poskytovatele (podle § 3 odst. 3 písm. f) zákona č. 130/2002 Sb.)","2018","CER-1","129323000.00"
"260","TA0","CIN","Náklady spojené s činností poskytovatele (podle § 3 odst. 3 písm. f) zákona č. 130/2002 Sb.)","2019","PRI","128445000.00"
"261","MPS","VSZ","Zabezpečení veřejných soutěží, hodnocení projektů a výzkumných záměrů (podle § 3 odst. 3 písm. d) zákona č. 130/2002 Sb.)","2018","CER-1","274000.00"
"262","MPS","VSZ","Zabezpečení veřejných soutěží, hodnocení projektů a výzkumných záměrů (podle § 3 odst. 3 písm. d) zákona č. 130/2002 Sb.)","2019","PRI","241000.00"
"263","MK0","VSZ","Zabezpečení veřejných soutěží, hodnocení projektů a výzkumných záměrů (podle § 3 odst. 3 písm. d) zákona č. 130/2002 Sb.)","2020","PRI","7252680.00"
"264","MK0","VSZ","Zabezpečení veřejných soutěží, hodnocení projektů a výzkumných záměrů (podle § 3 odst. 3 písm. d) zákona č. 130/2002 Sb.)","2019","CER-1","5824225.00"
"265","MZ0","OMV","Věcné nebo finanční ocenění mimořádných výsledků (podle § 3 odst. 3 písm. e) zákona č. 130/2002 Sb.)","2019","CER-1","500000.00"
"266","MZ0","OMV","Věcné nebo finanční ocenění mimořádných výsledků (podle § 3 odst. 3 písm. e) zákona č. 130/2002 Sb.)","2020","PRI","500000.00"
"267","MZ0","VSZ","Zabezpečení veřejných soutěží, hodnocení projektů a výzkumných záměrů (podle § 3 odst. 3 písm. d) zákona č. 130/2002 Sb.)","2019","CER-1","17277573.69"
"268","MZ0","VSZ","Zabezpečení veřejných soutěží, hodnocení projektů a výzkumných záměrů (podle § 3 odst. 3 písm. d) zákona č. 130/2002 Sb.)","2020","PRI","1500000.00"
"269","MZE","VSZ","Zabezpečení veřejných soutěží, hodnocení projektů a výzkumných záměrů (podle § 3 odst. 3 písm. d) zákona č. 130/2002 Sb.)","2019","CER-1","4483473.81"
"270","MZE","VSZ","Zabezpečení veřejných soutěží, hodnocení projektů a výzkumných záměrů (podle § 3 odst. 3 písm. d) zákona č. 130/2002 Sb.)","2020","PRI","5000000.00"
"271","MZE","OMV","Věcné nebo finanční ocenění mimořádných výsledků (podle § 3 odst. 3 písm. e) zákona č. 130/2002 Sb.)","2019","CER-1","420000.00"
"272","MZE","OMV","Věcné nebo finanční ocenění mimořádných výsledků (podle § 3 odst. 3 písm. e) zákona č. 130/2002 Sb.)","2020","PRI","420000.00"
"273","MPS","VSZ","Zabezpečení veřejných soutěží, hodnocení projektů a výzkumných záměrů (podle § 3 odst. 3 písm. d) zákona č. 130/2002 Sb.)","2019","CER-1","265164.00"
"274","MPS","VSZ","Zabezpečení veřejných soutěží, hodnocení projektů a výzkumných záměrů (podle § 3 odst. 3 písm. d) zákona č. 130/2002 Sb.)","2020","PRI","273808.00"
"275","AV0","CIN","Náklady spojené s činností poskytovatele (podle § 3 odst. 3 písm. f) zákona č. 130/2002 Sb.)","2019","CER-1","1953480633.93"
"276","AV0","CIN","Náklady spojené s činností poskytovatele (podle § 3 odst. 3 písm. f) zákona č. 130/2002 Sb.)","2020","PRI","2073849771.15"
"277","URV","OMV","Věcné nebo finanční ocenění mimořádných výsledků (podle § 3 odst. 3 písm. e) zákona č. 130/2002 Sb.)","2019","CER-1","1350000.00"
"278","URV","OMV","Věcné nebo finanční ocenění mimořádných výsledků (podle § 3 odst. 3 písm. e) zákona č. 130/2002 Sb.)","2020","PRI","1500000.00"
"279","URV","CIN","Náklady spojené s činností poskytovatele (podle § 3 odst. 3 písm. f) zákona č. 130/2002 Sb.)","2019","CER-1","66649392.89"
"280","URV","CIN","Náklady spojené s činností poskytovatele (podle § 3 odst. 3 písm. f) zákona č. 130/2002 Sb.)","2020","PRI","66446412.00"
"281","MV0","VSZ","Zabezpečení veřejných soutěží, hodnocení projektů a výzkumných záměrů (podle § 3 odst. 3 písm. d) zákona č. 130/2002 Sb.)","2019","CER-1","2073286.16"
"282","MV0","VSZ","Zabezpečení veřejných soutěží, hodnocení projektů a výzkumných záměrů (podle § 3 odst. 3 písm. d) zákona č. 130/2002 Sb.)","2020","PRI","6000000.00"
"283","MV0","OMV","Věcné nebo finanční ocenění mimořádných výsledků (podle § 3 odst. 3 písm. e) zákona č. 130/2002 Sb.)","2019","CER-1","500000.00"
"284","MV0","OMV","Věcné nebo finanční ocenění mimořádných výsledků (podle § 3 odst. 3 písm. e) zákona č. 130/2002 Sb.)","2020","PRI","500000.00"
"285","MO0","VSZ","Zabezpečení veřejných soutěží, hodnocení projektů a výzkumných záměrů (podle § 3 odst. 3 písm. d) zákona č. 130/2002 Sb.)","2020","PRI","3100000.00"
"286","MO0","VSZ","Zabezpečení veřejných soutěží, hodnocení projektů a výzkumných záměrů (podle § 3 odst. 3 písm. d) zákona č. 130/2002 Sb.)","2019","CER-1","1275511.28"
"287","GA0","OMV","Věcné nebo finanční ocenění mimořádných výsledků (podle § 3 odst. 3 písm. e) zákona č. 130/2002 Sb.)","2019","CER-1","500000.00"
"288","GA0","OMV","Věcné nebo finanční ocenění mimořádných výsledků (podle § 3 odst. 3 písm. e) zákona č. 130/2002 Sb.)","2020","PRI","500000.00"
"289","GA0","CIN","Náklady spojené s činností poskytovatele (podle § 3 odst. 3 písm. f) zákona č. 130/2002 Sb.)","2019","CER-1","111055000.00"
"290","GA0","CIN","Náklady spojené s činností poskytovatele (podle § 3 odst. 3 písm. f) zákona č. 130/2002 Sb.)","2020","PRI","109783000.00"
"291","MSM","OMV","Věcné nebo finanční ocenění mimořádných výsledků (podle § 3 odst. 3 písm. e) zákona č. 130/2002 Sb.)","2019","CER-1","1000000.00"
"292","MSM","OMV","Věcné nebo finanční ocenění mimořádných výsledků (podle § 3 odst. 3 písm. e) zákona č. 130/2002 Sb.)","2020","PRI","900000.00"
"293","MSM","VSZ","Zabezpečení veřejných soutěží, hodnocení projektů a výzkumných záměrů (podle § 3 odst. 3 písm. d) zákona č. 130/2002 Sb.)","2019","CER-1","9285780.00"
"294","MSM","VSZ","Zabezpečení veřejných soutěží, hodnocení projektů a výzkumných záměrů (podle § 3 odst. 3 písm. d) zákona č. 130/2002 Sb.)","2020","PRI","30000000.00"
"295","TA0","CIN","Náklady spojené s činností poskytovatele (podle § 3 odst. 3 písm. f) zákona č. 130/2002 Sb.)","2020","PRI","168445000.00"
"296","TA0","CIN","Náklady spojené s činností poskytovatele (podle § 3 odst. 3 písm. f) zákona č. 130/2002 Sb.)","2019","CER-1","154083235.97"
"297","URV","CIN","Náklady spojené s činností poskytovatele (podle § 3 odst. 3 písm. f) zákona č. 130/2002 Sb.)","2020","CER-1","58754373.80"
"298","URV","CIN","Náklady spojené s činností poskytovatele (podle § 3 odst. 3 písm. f) zákona č. 130/2002 Sb.)","2021","PRI","66446412.00"
"299","URV","OMV","Věcné nebo finanční ocenění mimořádných výsledků (podle § 3 odst. 3 písm. e) zákona č. 130/2002 Sb.)","2020","CER-1","1383052.36"
"300","URV","OMV","Věcné nebo finanční ocenění mimořádných výsledků (podle § 3 odst. 3 písm. e) zákona č. 130/2002 Sb.)","2021","PRI","1500000.00"
"301","GA0","OMV","Věcné nebo finanční ocenění mimořádných výsledků (podle § 3 odst. 3 písm. e) zákona č. 130/2002 Sb.)","2020","CER-1","500000.00"
"302","GA0","OMV","Věcné nebo finanční ocenění mimořádných výsledků (podle § 3 odst. 3 písm. e) zákona č. 130/2002 Sb.)","2021","PRI","500000.00"
"303","GA0","CIN","Náklady spojené s činností poskytovatele (podle § 3 odst. 3 písm. f) zákona č. 130/2002 Sb.)","2020","CER-1","111055000.00"
"304","GA0","CIN","Náklady spojené s činností poskytovatele (podle § 3 odst. 3 písm. f) zákona č. 130/2002 Sb.)","2021","PRI","119783000.00"
"305","MO0","VSZ","Zabezpečení veřejných soutěží, hodnocení projektů a výzkumných záměrů (podle § 3 odst. 3 písm. d) zákona č. 130/2002 Sb.)","2020","CER-1","579318.00"
"306","MO0","VSZ","Zabezpečení veřejných soutěží, hodnocení projektů a výzkumných záměrů (podle § 3 odst. 3 písm. d) zákona č. 130/2002 Sb.)","2021","PRI","3100000.00"
"307","MK0","VSZ","Zabezpečení veřejných soutěží, hodnocení projektů a výzkumných záměrů (podle § 3 odst. 3 písm. d) zákona č. 130/2002 Sb.)","2020","CER-1","2686749.00"
"308","MK0","VSZ","Zabezpečení veřejných soutěží, hodnocení projektů a výzkumných záměrů (podle § 3 odst. 3 písm. d) zákona č. 130/2002 Sb.)","2021","PRI","8205931.00"
"309","MZ0","VSZ","Zabezpečení veřejných soutěží, hodnocení projektů a výzkumných záměrů (podle § 3 odst. 3 písm. d) zákona č. 130/2002 Sb.)","2020","CER-1","8937000.00"
"310","MZ0","VSZ","Zabezpečení veřejných soutěží, hodnocení projektů a výzkumných záměrů (podle § 3 odst. 3 písm. d) zákona č. 130/2002 Sb.)","2021","PRI","13169846.00"
"311","MZ0","OMV","Věcné nebo finanční ocenění mimořádných výsledků (podle § 3 odst. 3 písm. e) zákona č. 130/2002 Sb.)","2020","CER-1","500000.00"
"312","MZ0","OMV","Věcné nebo finanční ocenění mimořádných výsledků (podle § 3 odst. 3 písm. e) zákona č. 130/2002 Sb.)","2021","PRI","500000.00"
"313","MZ0","SPP","Skutečně vynaložená výše podpory na skupinu grantových projektů nebo program (podle § 3 písm. b) bod 8 nařízení vlády)","2020","CER-1","737195000.00"
"314","MZ0","SPP","Skutečně vynaložená výše podpory na skupinu grantových projektů nebo program (podle § 3 písm. b) bod 8 nařízení vlády)","2021","PRI","470000000.00"
"315","MZ0","SPP","Skutečně vynaložená výše podpory na skupinu grantových projektů nebo program (podle § 3 písm. b) bod 8 nařízení vlády)","2020","CER-1","203984035.00"
"316","MZ0","SPP","Skutečně vynaložená výše podpory na skupinu grantových projektů nebo program (podle § 3 písm. b) bod 8 nařízení vlády)","2021","PRI","572621666.00"
"317","MPS","VSZ","Zabezpečení veřejných soutěží, hodnocení projektů a výzkumných záměrů (podle § 3 odst. 3 písm. d) zákona č. 130/2002 Sb.)","2020","CER-1","287674.40"
"318","MPS","VSZ","Zabezpečení veřejných soutěží, hodnocení projektů a výzkumných záměrů (podle § 3 odst. 3 písm. d) zákona č. 130/2002 Sb.)","2021","PRI","300000.00"
"319","MSM","OMV","Věcné nebo finanční ocenění mimořádných výsledků (podle § 3 odst. 3 písm. e) zákona č. 130/2002 Sb.)","2020","CER-1","900000.00"
"320","MSM","OMV","Věcné nebo finanční ocenění mimořádných výsledků (podle § 3 odst. 3 písm. e) zákona č. 130/2002 Sb.)","2021","PRI","999017.00"
"321","MSM","VSZ","Zabezpečení veřejných soutěží, hodnocení projektů a výzkumných záměrů (podle § 3 odst. 3 písm. d) zákona č. 130/2002 Sb.)","2020","CER-1","30000000.00"
"322","MSM","VSZ","Zabezpečení veřejných soutěží, hodnocení projektů a výzkumných záměrů (podle § 3 odst. 3 písm. d) zákona č. 130/2002 Sb.)","2021","PRI","8495241.00"
"323","MSM","CIN","Náklady spojené s činností poskytovatele (podle § 3 odst. 3 písm. f) zákona č. 130/2002 Sb.)","2020","CER-1","0.00"
"324","MSM","CIN","Náklady spojené s činností poskytovatele (podle § 3 odst. 3 písm. f) zákona č. 130/2002 Sb.)","2021","PRI","528227.16"
"325","TA0","CIN","Náklady spojené s činností poskytovatele (podle § 3 odst. 3 písm. f) zákona č. 130/2002 Sb.)","2020","CER-1","184575267.87"
"326","TA0","CIN","Náklady spojené s činností poskytovatele (podle § 3 odst. 3 písm. f) zákona č. 130/2002 Sb.)","2021","PRI","218445000.00"
"327","AV0","CIN","Náklady spojené s činností poskytovatele (podle § 3 odst. 3 písm. f) zákona č. 130/2002 Sb.)","2020","CER-1","2073849771.15"
"328","AV0","CIN","Náklady spojené s činností poskytovatele (podle § 3 odst. 3 písm. f) zákona č. 130/2002 Sb.)","2021","PRI","1901753845.38"
"329","MZP","VSZ","Zabezpečení veřejných soutěží, hodnocení projektů a výzkumných záměrů (podle § 3 odst. 3 písm. d) zákona č. 130/2002 Sb.)","2020","CER-1","370895.00"
"330","MZP","VSZ","Zabezpečení veřejných soutěží, hodnocení projektů a výzkumných záměrů (podle § 3 odst. 3 písm. d) zákona č. 130/2002 Sb.)","2021","PRI","413000.00"
"331","MZE","OMV","Věcné nebo finanční ocenění mimořádných výsledků (podle § 3 odst. 3 písm. e) zákona č. 130/2002 Sb.)","2020","CER-1","420000.00"
"332","MZE","OMV","Věcné nebo finanční ocenění mimořádných výsledků (podle § 3 odst. 3 písm. e) zákona č. 130/2002 Sb.)","2021","PRI","480000.00"
"333","MZE","VSZ","Zabezpečení veřejných soutěží, hodnocení projektů a výzkumných záměrů (podle § 3 odst. 3 písm. d) zákona č. 130/2002 Sb.)","2020","CER-1","691052.68"
"334","MZE","VSZ","Zabezpečení veřejných soutěží, hodnocení projektů a výzkumných záměrů (podle § 3 odst. 3 písm. d) zákona č. 130/2002 Sb.)","2021","PRI","5000000.00"
"335","MV0","VSZ","Zabezpečení veřejných soutěží, hodnocení projektů a výzkumných záměrů (podle § 3 odst. 3 písm. d) zákona č. 130/2002 Sb.)","2020","CER-1","1667671.81"
"336","MV0","VSZ","Zabezpečení veřejných soutěží, hodnocení projektů a výzkumných záměrů (podle § 3 odst. 3 písm. d) zákona č. 130/2002 Sb.)","2021","PRI","6500000.00"
"337","MV0","OMV","Věcné nebo finanční ocenění mimořádných výsledků (podle § 3 odst. 3 písm. e) zákona č. 130/2002 Sb.)","2020","CER-1","500000.00"
"338","MV0","OMV","Věcné nebo finanční ocenění mimořádných výsledků (podle § 3 odst. 3 písm. e) zákona č. 130/2002 Sb.)","2021","PRI","500000.00"
"339","MSM","OMV","Věcné nebo finanční ocenění mimořádných výsledků (podle § 3 odst. 3 písm. e) zákona č. 130/2002 Sb.)","2022","PRI","1000000.00"
"340","MSM","OMV","Věcné nebo finanční ocenění mimořádných výsledků (podle § 3 odst. 3 písm. e) zákona č. 130/2002 Sb.)","2021","CER-1","1000000.00"
"341","MZ0","VSZ","Zabezpečení veřejných soutěží, hodnocení projektů a výzkumných záměrů (podle § 3 odst. 3 písm. d) zákona č. 130/2002 Sb.)","2022","PRI","13369846.00"
"342","MZ0","VSZ","Zabezpečení veřejných soutěží, hodnocení projektů a výzkumných záměrů (podle § 3 odst. 3 písm. d) zákona č. 130/2002 Sb.)","2021","CER-1","13142018.99"
"343","MZ0","OMV","Věcné nebo finanční ocenění mimořádných výsledků (podle § 3 odst. 3 písm. e) zákona č. 130/2002 Sb.)","2022","PRI","500000.00"
"344","MZ0","OMV","Věcné nebo finanční ocenění mimořádných výsledků (podle § 3 odst. 3 písm. e) zákona č. 130/2002 Sb.)","2021","CER-1","500000.00"
"345","MZ0","SPP","Skutečně vynaložená výše podpory na skupinu grantových projektů nebo program (podle § 3 písm. b) bod 8 nařízení vlády)","2021","CER-1","483181000.00"
"346","MZ0","SPP","Skutečně vynaložená výše podpory na skupinu grantových projektů nebo program (podle § 3 písm. b) bod 8 nařízení vlády)","2022","PRI","200000000.00"
"347","MZ0","SPP","Skutečně vynaložená výše podpory na skupinu grantových projektů nebo program (podle § 3 písm. b) bod 8 nařízení vlády)","2021","CER-1","549650184.98"
"348","MZ0","SPP","Skutečně vynaložená výše podpory na skupinu grantových projektů nebo program (podle § 3 písm. b) bod 8 nařízení vlády)","2022","PRI","842621666.00"
"349","MO0","VSZ","Zabezpečení veřejných soutěží, hodnocení projektů a výzkumných záměrů (podle § 3 odst. 3 písm. d) zákona č. 130/2002 Sb.)","2021","CER-1","909355.99"
"350","MO0","VSZ","Zabezpečení veřejných soutěží, hodnocení projektů a výzkumných záměrů (podle § 3 odst. 3 písm. d) zákona č. 130/2002 Sb.)","2022","PRI","3100000.00"
"351","MK0","VSZ","Zabezpečení veřejných soutěží, hodnocení projektů a výzkumných záměrů (podle § 3 odst. 3 písm. d) zákona č. 130/2002 Sb.)","2021","CER-1","3984758.00"
"352","MK0","VSZ","Zabezpečení veřejných soutěží, hodnocení projektů a výzkumných záměrů (podle § 3 odst. 3 písm. d) zákona č. 130/2002 Sb.)","2022","PRI","7610151.00"
"353","MZE","OMV","Věcné nebo finanční ocenění mimořádných výsledků (podle § 3 odst. 3 písm. e) zákona č. 130/2002 Sb.)","2021","CER-1","480000.00"
"354","MZE","OMV","Věcné nebo finanční ocenění mimořádných výsledků (podle § 3 odst. 3 písm. e) zákona č. 130/2002 Sb.)","2022","PRI","480000.00"
"355","MZE","VSZ","Zabezpečení veřejných soutěží, hodnocení projektů a výzkumných záměrů (podle § 3 odst. 3 písm. d) zákona č. 130/2002 Sb.)","2021","CER-1","582986.21"
"356","MZE","VSZ","Zabezpečení veřejných soutěží, hodnocení projektů a výzkumných záměrů (podle § 3 odst. 3 písm. d) zákona č. 130/2002 Sb.)","2022","PRI","5000000.00"
"357","URV","CIN","Náklady spojené s činností poskytovatele (podle § 3 odst. 3 písm. f) zákona č. 130/2002 Sb.)","2021","CER-1","58149837.16"
"358","URV","CIN","Náklady spojené s činností poskytovatele (podle § 3 odst. 3 písm. f) zákona č. 130/2002 Sb.)","2022","PRI","66396412.00"
"359","URV","OMV","Věcné nebo finanční ocenění mimořádných výsledků (podle § 3 odst. 3 písm. e) zákona č. 130/2002 Sb.)","2021","CER-1","1350000.00"
"360","URV","OMV","Věcné nebo finanční ocenění mimořádných výsledků (podle § 3 odst. 3 písm. e) zákona č. 130/2002 Sb.)","2022","PRI","1550000.00"
"361","MPS","VSZ","Zabezpečení veřejných soutěží, hodnocení projektů a výzkumných záměrů (podle § 3 odst. 3 písm. d) zákona č. 130/2002 Sb.)","2021","CER-1","257672.76"
"362","MPS","VSZ","Zabezpečení veřejných soutěží, hodnocení projektů a výzkumných záměrů (podle § 3 odst. 3 písm. d) zákona č. 130/2002 Sb.)","2022","PRI","300000.00"
"363","TA0","CIN","Náklady spojené s činností poskytovatele (podle § 3 odst. 3 písm. f) zákona č. 130/2002 Sb.)","2022","PRI","246750502.00"
"364","TA0","CIN","Náklady spojené s činností poskytovatele (podle § 3 odst. 3 písm. f) zákona č. 130/2002 Sb.)","2021","CER-1","200529973.80"
"365","AV0","CIN","Náklady spojené s činností poskytovatele (podle § 3 odst. 3 písm. f) zákona č. 130/2002 Sb.)","2021","CER-1","1901753845.38"
"366","AV0","CIN","Náklady spojené s činností poskytovatele (podle § 3 odst. 3 písm. f) zákona č. 130/2002 Sb.)","2022","PRI","296663849.00"
"367","GA0","CIN","Náklady spojené s činností poskytovatele (podle § 3 odst. 3 písm. f) zákona č. 130/2002 Sb.)","2021","CER-1","119283000.00"
"368","GA0","CIN","Náklady spojené s činností poskytovatele (podle § 3 odst. 3 písm. f) zákona č. 130/2002 Sb.)","2022","PRI","123390000.00"
"369","GA0","OMV","Věcné nebo finanční ocenění mimořádných výsledků (podle § 3 odst. 3 písm. e) zákona č. 130/2002 Sb.)","2021","CER-1","500000.00"
"370","GA0","OMV","Věcné nebo finanční ocenění mimořádných výsledků (podle § 3 odst. 3 písm. e) zákona č. 130/2002 Sb.)","2022","PRI","500000.00"
"371","MZP","VSZ","Zabezpečení veřejných soutěží, hodnocení projektů a výzkumných záměrů (podle § 3 odst. 3 písm. d) zákona č. 130/2002 Sb.)","2021","CER-1","413000.00"
"372","MZP","VSZ","Zabezpečení veřejných soutěží, hodnocení projektů a výzkumných záměrů (podle § 3 odst. 3 písm. d) zákona č. 130/2002 Sb.)","2022","PRI","413000.00"
"373","MV0","VSZ","Zabezpečení veřejných soutěží, hodnocení projektů a výzkumných záměrů (podle § 3 odst. 3 písm. d) zákona č. 130/2002 Sb.)","2022","PRI","6500000.00"
"374","MV0","VSZ","Zabezpečení veřejných soutěží, hodnocení projektů a výzkumných záměrů (podle § 3 odst. 3 písm. d) zákona č. 130/2002 Sb.)","2021","CER-1","3103223.76"
"375","MV0","OMV","Věcné nebo finanční ocenění mimořádných výsledků (podle § 3 odst. 3 písm. e) zákona č. 130/2002 Sb.)","2021","CER-1","500000.00"
"376","MV0","OMV","Věcné nebo finanční ocenění mimořádných výsledků (podle § 3 odst. 3 písm. e) zákona č. 130/2002 Sb.)","2022","PRI","500000.00"
"377","MSM","VSZ","Zabezpečení veřejných soutěží, hodnocení projektů a výzkumných záměrů (podle § 3 odst. 3 písm. d) zákona č. 130/2002 Sb.)","2021","CER-1","8495241.00"
"378","MSM","VSZ","Zabezpečení veřejných soutěží, hodnocení projektů a výzkumných záměrů (podle § 3 odst. 3 písm. d) zákona č. 130/2002 Sb.)","2022","PRI","998542.00"
"379","MSM","CIN","Náklady spojené s činností poskytovatele (podle § 3 odst. 3 písm. f) zákona č. 130/2002 Sb.)","2021","CER-1","528227.16"
"380","MSM","CIN","Náklady spojené s činností poskytovatele (podle § 3 odst. 3 písm. f) zákona č. 130/2002 Sb.)","2022","PRI","0.00"
"381","URV","CIN","Náklady spojené s činností poskytovatele (podle § 3 odst. 3 písm. f) zákona č. 130/2002 Sb.)","2022","CER-1","65332063.47"
"382","URV","CIN","Náklady spojené s činností poskytovatele (podle § 3 odst. 3 písm. f) zákona č. 130/2002 Sb.)","2023","PRI","68562910.00"
"383","URV","OMV","Věcné nebo finanční ocenění mimořádných výsledků (podle § 3 odst. 3 písm. e) zákona č. 130/2002 Sb.)","2022","CER-1","1350000.00"
"384","URV","OMV","Věcné nebo finanční ocenění mimořádných výsledků (podle § 3 odst. 3 písm. e) zákona č. 130/2002 Sb.)","2023","PRI","1550000.00"
"385","MZP","VSZ","Zabezpečení veřejných soutěží, hodnocení projektů a výzkumných záměrů (podle § 3 odst. 3 písm. d) zákona č. 130/2002 Sb.)","2022","CER-1","397386.00"
"386","MZP","VSZ","Zabezpečení veřejných soutěží, hodnocení projektů a výzkumných záměrů (podle § 3 odst. 3 písm. d) zákona č. 130/2002 Sb.)","2023","PRI","413000.00"
"387","MPS","VSZ","Zabezpečení veřejných soutěží, hodnocení projektů a výzkumných záměrů (podle § 3 odst. 3 písm. d) zákona č. 130/2002 Sb.)","2022","CER-1","284096.12"
"388","MPS","VSZ","Zabezpečení veřejných soutěží, hodnocení projektů a výzkumných záměrů (podle § 3 odst. 3 písm. d) zákona č. 130/2002 Sb.)","2023","PRI","750000.00"
"389","MSM","CIN","Náklady spojené s činností poskytovatele (podle § 3 odst. 3 písm. f) zákona č. 130/2002 Sb.)","2022","CER-1","0.00"
"390","MSM","CIN","Náklady spojené s činností poskytovatele (podle § 3 odst. 3 písm. f) zákona č. 130/2002 Sb.)","2023","PRI","5000000.00"
"391","MSM","OMV","Věcné nebo finanční ocenění mimořádných výsledků (podle § 3 odst. 3 písm. e) zákona č. 130/2002 Sb.)","2022","CER-1","1000000.00"
"392","MSM","OMV","Věcné nebo finanční ocenění mimořádných výsledků (podle § 3 odst. 3 písm. e) zákona č. 130/2002 Sb.)","2023","PRI","900000.00"
"393","MSM","VSZ","Zabezpečení veřejných soutěží, hodnocení projektů a výzkumných záměrů (podle § 3 odst. 3 písm. d) zákona č. 130/2002 Sb.)","2022","CER-1","1115442.00"
"394","MSM","VSZ","Zabezpečení veřejných soutěží, hodnocení projektů a výzkumných záměrů (podle § 3 odst. 3 písm. d) zákona č. 130/2002 Sb.)","2023","PRI","831962.00"
"395","MV0","OMV","Věcné nebo finanční ocenění mimořádných výsledků (podle § 3 odst. 3 písm. e) zákona č. 130/2002 Sb.)","2022","CER-1","500000.00"
"396","MV0","OMV","Věcné nebo finanční ocenění mimořádných výsledků (podle § 3 odst. 3 písm. e) zákona č. 130/2002 Sb.)","2023","PRI","500000.00"
"397","MV0","VSZ","Zabezpečení veřejných soutěží, hodnocení projektů a výzkumných záměrů (podle § 3 odst. 3 písm. d) zákona č. 130/2002 Sb.)","2022","CER-1","3001645.53"
"398","MV0","VSZ","Zabezpečení veřejných soutěží, hodnocení projektů a výzkumných záměrů (podle § 3 odst. 3 písm. d) zákona č. 130/2002 Sb.)","2023","PRI","6500000.00"
"399","MK0","VSZ","Zabezpečení veřejných soutěží, hodnocení projektů a výzkumných záměrů (podle § 3 odst. 3 písm. d) zákona č. 130/2002 Sb.)","2022","CER-1","6360883.00"
"400","MK0","VSZ","Zabezpečení veřejných soutěží, hodnocení projektů a výzkumných záměrů (podle § 3 odst. 3 písm. d) zákona č. 130/2002 Sb.)","2023","PRI","6592246.00"
"401","MZ0","SPP","Skutečně vynaložená výše podpory na skupinu grantových projektů nebo program (podle § 3 písm. b) bod 8 nařízení vlády)","2022","CER-1","233419000.00"
"402","MZ0","SPP","Skutečně vynaložená výše podpory na skupinu grantových projektů nebo program (podle § 3 písm. b) bod 8 nařízení vlády)","2023","PRI","0.00"
"403","MZ0","OMV","Věcné nebo finanční ocenění mimořádných výsledků (podle § 3 odst. 3 písm. e) zákona č. 130/2002 Sb.)","2022","CER-1","500000.00"
"404","MZ0","OMV","Věcné nebo finanční ocenění mimořádných výsledků (podle § 3 odst. 3 písm. e) zákona č. 130/2002 Sb.)","2023","PRI","500000.00"
"405","MZ0","VSZ","Zabezpečení veřejných soutěží, hodnocení projektů a výzkumných záměrů (podle § 3 odst. 3 písm. d) zákona č. 130/2002 Sb.)","2022","CER-1","13142000.00"
"406","MZ0","VSZ","Zabezpečení veřejných soutěží, hodnocení projektů a výzkumných záměrů (podle § 3 odst. 3 písm. d) zákona č. 130/2002 Sb.)","2023","PRI","13369846.00"
"407","MZ0","SPP","Skutečně vynaložená výše podpory na skupinu grantových projektů nebo program (podle § 3 písm. b) bod 8 nařízení vlády)","2022","CER-1","907337000.00"
"408","MZ0","SPP","Skutečně vynaložená výše podpory na skupinu grantových projektů nebo program (podle § 3 písm. b) bod 8 nařízení vlády)","2023","PRI","1042621666.00"
"409","GA0","OMV","Věcné nebo finanční ocenění mimořádných výsledků (podle § 3 odst. 3 písm. e) zákona č. 130/2002 Sb.)","2022","CER-1","500000.00"
"410","GA0","OMV","Věcné nebo finanční ocenění mimořádných výsledků (podle § 3 odst. 3 písm. e) zákona č. 130/2002 Sb.)","2023","PRI","500000.00"
"411","GA0","CIN","Náklady spojené s činností poskytovatele (podle § 3 odst. 3 písm. f) zákona č. 130/2002 Sb.)","2022","CER-1","124215380.52"
"412","GA0","CIN","Náklady spojené s činností poskytovatele (podle § 3 odst. 3 písm. f) zákona č. 130/2002 Sb.)","2023","PRI","126484639.00"
"413","MPO","VSZ","Zabezpečení veřejných soutěží, hodnocení projektů a výzkumných záměrů (podle § 3 odst. 3 písm. d) zákona č. 130/2002 Sb.)","2023","PRI","6000000.00"
"414","MPO","VSZ","Zabezpečení veřejných soutěží, hodnocení projektů a výzkumných záměrů (podle § 3 odst. 3 písm. d) zákona č. 130/2002 Sb.)","2022","CER-1","6000000.00"
"415","MZE","OMV","Věcné nebo finanční ocenění mimořádných výsledků (podle § 3 odst. 3 písm. e) zákona č. 130/2002 Sb.)","2022","CER-1","480000.00"
"416","MZE","OMV","Věcné nebo finanční ocenění mimořádných výsledků (podle § 3 odst. 3 písm. e) zákona č. 130/2002 Sb.)","2023","PRI","480000.00"
"417","MZE","VSZ","Zabezpečení veřejných soutěží, hodnocení projektů a výzkumných záměrů (podle § 3 odst. 3 písm. d) zákona č. 130/2002 Sb.)","2022","CER-1","934754.54"
"418","MZE","VSZ","Zabezpečení veřejných soutěží, hodnocení projektů a výzkumných záměrů (podle § 3 odst. 3 písm. d) zákona č. 130/2002 Sb.)","2023","PRI","5000000.00"
"419","MO0","VSZ","Zabezpečení veřejných soutěží, hodnocení projektů a výzkumných záměrů (podle § 3 odst. 3 písm. d) zákona č. 130/2002 Sb.)","2022","CER-1","445405.56"
"420","MO0","VSZ","Zabezpečení veřejných soutěží, hodnocení projektů a výzkumných záměrů (podle § 3 odst. 3 písm. d) zákona č. 130/2002 Sb.)","2023","PRI","3100000.00"
"421","AV0","CIN","Náklady spojené s činností poskytovatele (podle § 3 odst. 3 písm. f) zákona č. 130/2002 Sb.)","2022","CER-1","1529975666.00"
"422","AV0","CIN","Náklady spojené s činností poskytovatele (podle § 3 odst. 3 písm. f) zákona č. 130/2002 Sb.)","2023","PRI","102708254.00"
"423","AV0","OMV","Věcné nebo finanční ocenění mimořádných výsledků (podle § 3 odst. 3 písm. e) zákona č. 130/2002 Sb.)","2022","CER-1","0.00"
"424","AV0","OMV","Věcné nebo finanční ocenění mimořádných výsledků (podle § 3 odst. 3 písm. e) zákona č. 130/2002 Sb.)","2023","PRI","1000000.00"
"425","TA0","CIN","Náklady spojené s činností poskytovatele (podle § 3 odst. 3 písm. f) zákona č. 130/2002 Sb.)","2022","CER-1","213250646.80"
"426","TA0","CIN","Náklady spojené s činností poskytovatele (podle § 3 odst. 3 písm. f) zákona č. 130/2002 Sb.)","2023","PRI","243834795.00"
"427","AV0","CAV","Podpora činnosti pracovišť AV ČR","2022","CER-1","0.00"
"428","AV0","CAV","Podpora činnosti pracovišť AV ČR","2023","PRI","1313207211.00"
